,movie_id,actor,design,happy,music,plot,thrill,touched,vision
0,tt0091064,0.71,2.18,0.85,0.0,0.56,2.77,-2.14,1.95
1,tt0113627,0.6,0.0,0.78,-2.03,1.46,0.0,1.09,1.48
2,tt0217505,-1.46,-1.06,-0.95,-0.03,-2.04,-0.57,0.0,-0.87
3,tt0268380,0.0,0.0,7.46,1.23,-1.36,0.0,0.27,0.99
4,tt0369339,2.53,0.49,0.44,1.84,-1.23,4.87,0.0,1.27
5,tt0021814,3.63,0.0,-0.58,0.36,0.0,-6.49,0.75,0.0
6,tt0029583,0.75,0.0,0.58,3.37,0.0,0.16,0.36,0.87
7,tt0038109,0.84,0.0,0.6,3.85,4.58,0.07,0.91,1.73
8,tt0049223,2.45,0.55,0.82,1.7,2.59,0.27,0.0,2.92
9,tt0054387,1.68,0.31,0.0,0.0,0.53,0.0,0.0,3.69
10,tt0054953,1.92,0.0,-0.49,1.91,0.76,1.64,0.0,0.94
11,tt0055614,2.2,0.0,0.0,32.52,-0.27,0.68,0.0,4.05
12,tt0056193,1.98,0.0,1.5,0.46,0.58,-0.57,0.68,0.98
13,tt0060176,1.69,0.0,0.8,1.04,1.81,-0.11,0.05,0.5
14,tt0061852,1.79,0.0,6.17,18.29,0.8,0.0,1.78,-0.42
15,tt0063518,4.14,3.22,0.9,1.52,1.62,-0.54,0.5,0.24
16,tt0065988,0.0,0.0,2.89,0.0,1.63,-0.85,0.46,1.23
17,tt0066026,0.0,0.0,1.15,0.71,-2.52,-0.46,0.0,1.49
18,tt0066765,1.26,0.0,11.63,0.91,1.06,0.0,0.0,1.6
19,tt0068699,0.79,-0.81,-0.0,0.3,0.4,-0.09,-0.9,1.43
20,tt0070608,0.0,0.0,5.53,4.35,0.0,0.96,0.9,2.41
21,tt0070917,0.62,0.0,0.0,0.21,0.65,0.92,0.0,0.0
22,tt0075005,0.34,0.0,-0.69,1.79,-2.0,-4.52,0.48,2.5
23,tt0076363,0.0,0.6,7.31,4.18,0.0,1.39,3.13,0.0
24,tt0077928,-0.04,0.0,0.77,0.57,-0.95,-2.0,0.0,-0.27
25,tt0077975,2.49,0.0,13.49,2.43,4.48,1.22,0.0,2.51
26,tt0079116,1.99,0.0,0.86,0.0,0.0,0.41,0.0,-0.28
27,tt0079588,0.0,0.0,4.15,8.21,0.9,0.0,0.27,0.0
28,tt0080179,0.0,0.0,3.87,0.0,1.87,-1.47,0.0,0.0
29,tt0082010,0.0,0.0,1.37,1.27,0.61,-3.31,0.0,0.92
30,tt0082694,1.33,0.73,0.75,2.09,1.45,1.23,-0.66,0.88
31,tt0084649,0.13,0.0,0.85,8.38,0.0,-0.27,0.0,0.61
32,tt0084707,9.73,0.0,1.63,2.79,0.0,-2.83,-0.1,1.41
33,tt0085959,0.0,0.0,6.95,1.32,1.05,0.39,0.0,1.89
34,tt0086979,0.05,0.0,1.6,-1.9,-1.83,2.17,0.0,1.11
35,tt0087469,-0.52,0.0,0.28,-1.36,1.16,-0.89,-1.05,0.0
36,tt0088184,2.04,0.0,1.9,1.46,-0.53,0.0,0.0,4.22
37,tt0093409,0.42,0.54,3.39,0.0,3.01,2.1,0.0,1.7
38,tt0093748,1.83,0.0,5.78,0.0,0.0,0.0,0.14,0.94
39,tt0093870,1.67,0.0,1.39,1.77,1.88,0.86,0.0,2.78
40,tt0094947,1.36,2.67,0.44,0.85,2.08,0.0,0.0,2.29
41,tt0095159,0.79,0.0,9.98,1.61,6.9,0.51,2.45,0.0
42,tt0095497,-1.83,0.96,1.54,1.07,1.52,-1.43,0.0,0.59
43,tt0095631,1.68,0.0,3.19,0.0,3.78,1.09,1.56,2.47
44,tt0095705,1.81,0.0,11.18,0.27,0.57,-1.38,0.14,0.27
45,tt0096754,2.62,0.0,0.51,0.0,0.37,0.94,0.0,5.08
46,tt0096895,2.68,1.84,1.59,1.39,0.28,-0.61,-0.48,3.31
47,tt0097499,4.62,0.53,0.78,0.0,0.0,0.0,-0.38,1.88
48,tt0097757,-0.26,0.0,4.87,16.33,0.0,0.0,0.87,1.3
49,tt0097958,0.51,0.0,16.77,-0.13,1.25,0.0,0.0,0.0
50,tt0098635,2.31,0.0,9.5,6.98,5.69,0.0,9.18,0.0
51,tt0099674,0.72,0.0,-0.07,0.11,-1.18,-0.58,0.25,0.57
52,tt0099810,3.22,0.0,0.88,1.16,0.78,2.45,0.0,0.59
53,tt0103939,3.85,0.89,0.86,2.49,0.69,0.0,0.0,0.75
54,tt0105151,2.07,0.01,3.01,0.67,2.87,-1.74,0.0,3.67
55,tt0106308,0.0,0.0,6.44,-0.81,0.0,-5.64,0.0,-1.3
56,tt0106856,0.62,0.0,1.29,1.24,-0.9,-0.79,0.0,2.18
57,tt0107822,0.7,0.0,0.0,2.36,2.47,0.0,0.69,4.49
58,tt0109506,2.33,0.0,0.0,9.99,1.33,1.09,-0.27,4.14
59,tt0110148,-0.73,1.08,1.04,1.05,1.32,-1.31,0.0,1.43
60,tt0111512,2.08,0.58,5.22,0.51,-0.08,0.0,0.0,2.01
61,tt0112384,6.42,0.0,-0.64,-0.64,0.01,1.72,0.0,1.56
62,tt0112682,1.66,1.64,1.55,2.65,0.59,-0.49,0.0,6.1
63,tt0112864,0.0,0.0,2.43,-0.48,0.37,0.26,0.0,0.86
64,tt0116922,0.0,0.0,0.25,1.91,2.22,-0.05,0.0,0.21
65,tt0117665,1.95,0.0,0.95,0.0,1.91,0.0,0.0,0.54
66,tt0119167,0.62,-0.59,1.85,2.78,-0.34,-3.42,0.0,0.07
67,tt0120255,0.16,0.0,0.0,1.63,-0.97,-1.17,-0.48,2.17
68,tt0120762,0.46,0.93,6.71,9.54,0.97,0.96,0.0,0.6
69,tt0120863,-0.91,0.0,-0.79,1.81,0.51,-1.43,0.0,3.96
70,tt0121766,1.58,0.0,-0.23,-0.56,0.32,0.39,0.25,-0.1
71,tt0144084,0.51,0.0,-2.17,1.8,-0.33,-1.56,-0.3,1.35
72,tt0154506,0.6,0.0,0.23,-0.7,0.85,0.43,0.0,0.11
73,tt0171804,0.49,0.0,0.0,-0.22,0.43,-0.55,-0.15,0.92
74,tt0174856,2.58,0.0,0.0,0.64,1.94,-1.35,0.75,0.96
75,tt0181865,1.1,0.0,0.0,0.8,3.14,-0.26,0.62,4.22
76,tt0203009,2.22,-1.87,-0.25,8.29,0.51,-0.29,2.05,4.35
77,tt0203230,-0.43,0.0,0.0,-1.42,0.32,-0.32,0.36,1.45
78,tt0215750,0.69,-0.86,0.0,-0.16,-0.72,-0.48,0.73,1.48
79,tt0221027,-1.23,0.0,0.48,3.91,0.46,-0.73,0.68,-0.57
80,tt0230600,1.48,0.0,1.36,2.35,2.68,-2.67,-0.89,-0.89
81,tt0241527,2.23,0.0,0.03,0.0,-0.95,-0.43,0.0,1.27
82,tt0243133,2.87,0.0,1.6,1.46,0.37,0.86,0.0,7.2
83,tt0265666,-0.12,1.4,-1.3,0.0,-0.28,-0.6,0.0,1.4
84,tt0277027,-0.13,0.0,3.5,0.62,0.6,-0.39,1.3,0.7
85,tt0289043,0.0,0.0,0.0,1.32,0.04,-3.64,0.0,-0.37
86,tt0289992,-1.18,0.0,0.99,0.0,2.7,-2.47,-0.67,0.76
87,tt0314331,-0.13,0.65,-0.16,0.88,0.5,0.0,3.63,1.05
88,tt0315983,3.95,0.0,0.0,0.24,2.28,-0.32,1.94,0.88
89,tt0373469,1.68,0.0,1.11,-0.9,0.51,0.5,0.38,0.52
90,tt0385004,1.19,3.86,-0.65,-0.46,2.34,0.0,0.36,5.09
91,tt0387564,-0.12,-0.32,0.61,-2.76,-5.45,-7.93,0.0,-1.24
92,tt0399295,-1.04,0.1,1.71,0.23,1.85,0.8,0.0,4.47
93,tt0408306,0.0,0.0,0.0,1.35,0.02,2.5,-0.48,-0.83
94,tt0409459,0.22,1.28,0.29,0.88,0.41,-0.07,-0.64,2.82
95,tt0416320,2.31,0.67,1.64,1.42,1.32,1.85,0.71,-0.59
96,tt0417741,0.15,0.0,-0.19,0.73,-0.63,-0.9,0.91,2.19
97,tt0419887,3.13,0.0,0.0,0.0,1.66,-1.54,1.0,1.38
98,tt0420223,0.5,0.0,1.87,0.64,3.06,-0.44,0.67,0.53
99,tt0427309,4.65,0.78,0.0,1.61,-1.12,-0.22,0.03,0.46
100,tt0427944,1.79,0.0,4.04,0.77,1.71,0.0,0.0,1.54
101,tt0441773,0.52,0.0,2.87,1.12,0.62,0.0,0.0,2.08
102,tt0441909,1.03,0.0,0.86,1.84,2.27,0.31,0.53,1.86
103,tt0443543,0.59,0.0,0.73,4.06,2.5,0.1,1.97,7.11
104,tt0450188,3.31,0.38,0.0,5.36,0.0,0.03,0.79,1.05
105,tt0451094,1.68,0.0,1.3,1.51,-3.28,-0.56,-0.03,4.59
106,tt0454848,1.68,0.25,0.8,1.35,3.53,0.16,-0.34,1.59
107,tt0456912,0.1,0.0,0.47,0.27,0.13,-0.73,0.0,3.18
108,tt0462322,1.22,-0.56,4.76,0.27,0.87,1.61,0.9,0.95
109,tt0475276,0.56,0.0,0.0,0.0,-0.25,-3.83,0.0,-0.04
110,tt0813547,0.04,0.0,-0.17,1.71,-0.78,-0.96,0.0,1.6
111,tt0814314,0.43,0.3,0.93,0.9,1.21,0.0,-0.93,0.0
112,tt0829482,-0.18,0.0,14.57,0.0,0.3,0.87,1.66,0.4
113,tt0840361,0.63,0.0,0.84,-0.74,1.8,0.3,0.37,-0.74
114,tt0887912,0.07,0.0,0.0,0.0,-0.6,-0.42,-0.55,-0.07
115,tt0976051,1.09,0.62,0.0,0.0,0.53,-0.4,0.0,0.27
116,tt0986233,-0.37,-0.85,-1.25,-1.68,0.0,-3.42,-0.89,-0.22
117,tt0988045,1.26,0.0,3.68,0.69,-1.5,1.75,0.0,0.19
118,tt1013753,1.94,0.95,1.58,-0.49,0.84,-0.38,-0.24,1.94
119,tt1063669,0.0,0.0,0.0,-0.23,2.62,-1.98,-0.4,0.0
120,tt1078188,3.04,0.0,0.0,-0.19,0.84,-0.06,0.0,0.64
121,tt1127715,1.18,-0.76,0.0,0.59,1.28,-0.62,0.59,4.04
122,tt1189073,-0.13,0.38,-0.65,1.63,1.53,3.19,-0.1,2.5
123,tt1210166,2.83,0.0,1.41,0.0,1.27,-0.02,0.66,-0.33
124,tt1250777,0.0,0.0,0.83,0.06,-0.96,0.0,0.0,0.0
125,tt1315981,1.74,0.0,-1.23,1.32,0.64,0.0,1.29,-0.72
126,tt1318514,2.34,0.72,0.96,1.99,4.36,-0.54,0.0,3.48
127,tt1340107,2.43,0.0,0.38,0.73,-1.31,-0.62,-0.23,0.92
128,tt1386932,0.46,-0.1,-0.51,0.0,0.87,0.36,-0.84,0.0
129,tt1403865,1.61,0.34,2.35,0.85,1.96,0.27,0.0,1.76
130,tt1410063,0.57,0.56,1.36,-1.16,0.37,-2.08,-2.27,-0.35
131,tt1436045,0.5,0.0,1.06,0.93,-1.44,0.86,0.0,1.91
132,tt1465522,1.2,0.0,7.13,0.0,1.39,2.09,0.32,0.0
133,tt1542344,0.0,0.0,0.93,2.29,1.67,1.74,0.29,5.46
134,tt1568921,0.91,0.0,0.0,9.35,-0.04,0.0,1.77,1.74
135,tt1614989,0.6,0.0,0.25,0.0,0.7,4.07,0.0,2.05
136,tt1649419,0.56,0.0,0.0,0.0,0.99,-3.0,-0.36,0.76
137,tt1707386,2.34,0.59,0.46,15.0,0.97,-0.89,0.97,1.56
138,tt1855199,1.14,0.0,1.99,0.28,2.86,-0.11,2.2,1.76
139,tt1899353,0.03,0.0,0.0,0.7,0.63,0.86,0.22,2.2
140,tt1937149,3.09,0.0,0.0,2.53,3.18,8.96,0.0,1.77
141,tt2103281,0.0,0.0,0.51,0.49,1.0,0.8,-0.54,1.73
142,tt2431286,1.02,0.0,2.54,1.4,2.96,0.1,2.18,-0.27
143,tt2582782,0.78,0.0,-0.76,1.42,-0.89,0.23,0.33,4.24
144,tt2713180,0.15,0.0,-0.38,0.0,-0.03,-1.04,0.0,-0.14
145,tt2802154,2.2,0.0,0.0,0.89,2.33,0.46,0.68,4.13
146,tt3076658,1.43,0.64,0.0,0.8,1.37,-0.56,0.2,0.0
147,tt3397884,0.42,0.0,0.0,0.89,1.62,0.43,0.15,4.14
148,tt3416742,2.38,0.0,14.05,0.0,2.58,1.85,0.15,-0.74
149,tt3521164,0.0,0.0,2.97,6.74,-0.8,-0.69,0.67,3.73
150,tt3682448,1.02,0.0,0.86,0.51,-0.66,0.51,0.0,-0.03
151,tt3890160,0.12,0.0,0.21,5.04,-0.63,0.04,0.0,-0.99
152,tt3966404,2.34,0.0,0.51,2.13,0.0,-0.71,0.4,3.6
153,tt4481414,4.17,0.0,1.29,0.0,2.93,0.0,-0.15,0.4
154,tt5462602,4.43,0.0,7.79,0.78,2.31,0.76,7.02,0.95
155,tt5649144,0.4,0.0,1.03,-0.01,1.53,-0.11,0.0,1.13
156,tt6499752,1.87,0.0,4.25,0.0,2.77,0.26,0.0,0.47
157,tt6644200,0.62,0.0,0.0,1.66,-0.47,-0.77,0.0,-2.19
158,tt7349662,-0.21,0.0,3.77,0.0,0.17,-0.02,0.22,0.86
159,tt0024184,0.92,0.0,2.37,0.72,1.79,-1.06,0.57,-0.65
160,tt0045793,2.3,0.0,-0.27,0.0,3.04,0.0,0.0,1.78
161,tt0046303,0.72,0.0,0.0,0.6,0.13,0.0,0.0,6.52
162,tt0047437,2.0,0.0,2.67,0.11,0.65,-0.86,6.99,2.27
163,tt0049261,2.8,1.85,0.55,1.32,1.7,-0.57,0.0,5.54
164,tt0054167,1.92,0.0,-0.88,0.23,0.83,-0.48,0.48,0.48
165,tt0054698,2.96,1.99,5.65,5.56,2.56,0.44,5.67,4.14
166,tt0056869,0.0,0.0,1.49,0.15,-0.14,-3.14,0.46,-1.32
167,tt0058150,0.0,0.0,1.74,2.9,1.36,1.77,0.0,-1.59
168,tt0058182,1.46,0.79,4.99,15.33,0.21,0.0,0.0,3.79
169,tt0063374,2.99,0.0,8.68,-0.36,3.88,0.0,0.0,1.59
170,tt0063462,-0.12,0.0,8.56,0.78,2.14,-0.53,-0.64,0.0
171,tt0065207,1.92,0.0,0.0,-1.42,3.81,1.37,0.0,0.84
172,tt0065938,2.66,0.0,5.93,2.71,1.35,0.74,-0.08,1.75
173,tt0067140,0.49,0.0,2.13,0.37,0.34,0.0,0.0,-0.93
174,tt0068473,1.27,0.0,-0.67,0.89,-0.57,-3.61,0.0,1.11
175,tt0070034,1.68,0.0,1.21,2.18,1.0,0.81,-0.2,1.65
176,tt0073582,0.0,0.0,0.0,0.89,2.8,-0.55,0.92,2.41
177,tt0074811,0.49,0.0,0.39,0.0,-1.02,-3.5,0.49,0.0
178,tt0075860,0.04,0.0,0.81,0.0,0.15,0.87,0.15,0.17
179,tt0078480,-0.57,0.0,1.34,6.01,0.22,-0.76,0.06,0.86
180,tt0080120,0.35,0.16,0.94,3.48,1.46,-0.46,0.0,1.53
181,tt0083944,2.02,0.0,0.78,0.89,-0.53,0.26,0.21,-0.17
182,tt0084726,0.78,0.65,0.0,1.27,1.34,-0.19,1.09,0.32
183,tt0088680,0.0,0.0,-1.25,0.89,1.07,-0.69,-0.77,0.05
184,tt0089853,0.8,0.0,3.09,1.24,1.43,0.0,1.67,2.04
185,tt0096438,-0.59,0.0,5.5,0.55,0.0,-1.48,0.0,0.64
186,tt0101410,2.3,0.0,0.92,2.31,2.06,1.0,0.0,1.53
187,tt0101700,1.79,0.0,2.45,3.55,1.03,1.14,-0.13,6.58
188,tt0101921,0.99,0.0,3.23,0.61,0.32,0.96,2.19,4.77
189,tt0104257,2.3,0.0,1.21,0.34,2.02,-0.88,0.44,-0.13
190,tt0104797,0.09,0.0,0.0,0.71,-0.78,0.0,0.0,0.0
191,tt0104940,0.0,0.0,5.13,11.53,0.0,0.0,0.19,0.9
192,tt0106677,0.61,0.0,3.77,7.12,0.79,-0.93,0.0,1.05
193,tt0107818,1.95,0.0,1.72,0.91,0.84,-0.7,2.03,0.0
194,tt0108122,2.89,0.0,0.2,-0.92,3.2,-0.05,-0.3,-0.27
195,tt0110877,1.89,0.74,0.0,1.4,0.96,-0.6,1.7,2.95
196,tt0111507,0.27,0.0,1.86,2.23,2.41,0.0,0.0,4.97
197,tt0112817,-0.82,0.0,1.92,0.69,0.5,-0.73,-0.45,1.75
198,tt0113670,0.0,1.33,0.0,0.0,-0.77,0.0,1.27,0.93
199,tt0114388,1.8,3.19,0.0,1.96,5.75,0.18,4.87,1.72
200,tt0117381,5.38,0.0,0.38,0.0,2.11,5.13,0.78,2.71
201,tt0117631,1.02,0.0,-0.32,-0.2,1.68,0.85,0.27,1.68
202,tt0118929,0.61,0.0,1.6,0.0,2.37,0.0,0.0,3.82
203,tt0119038,3.16,0.0,9.42,0.0,2.01,0.0,0.98,0.36
204,tt0119116,0.93,0.07,6.49,1.75,-0.07,-0.1,0.92,2.68
205,tt0119822,2.13,0.0,2.62,0.62,4.98,0.0,6.12,0.98
206,tt0120669,-0.39,0.0,1.99,0.34,-0.36,-1.29,0.0,1.64
207,tt0120802,0.04,0.83,0.0,7.07,0.03,0.29,0.67,2.47
208,tt0128445,0.74,0.0,2.96,0.71,3.24,0.0,1.27,1.21
209,tt0130827,1.03,0.0,1.49,4.08,0.58,0.65,0.49,0.22
210,tt0139654,2.3,0.93,0.0,1.33,0.83,1.73,0.0,0.48
211,tt0165832,0.93,0.0,1.83,0.0,1.33,-0.1,0.0,0.0
212,tt0181689,0.95,0.0,0.0,0.64,0.51,-0.36,0.0,4.34
213,tt0216651,0.0,0.0,0.97,1.56,3.75,-1.67,1.52,1.48
214,tt0245574,0.28,0.0,2.43,-0.33,0.6,1.04,0.91,1.63
215,tt0249462,1.32,0.0,2.21,5.59,3.43,0.0,2.7,1.7
216,tt0250258,0.74,0.0,0.0,0.32,0.65,-1.82,0.0,-0.21
217,tt0257044,3.65,0.0,0.0,5.74,0.77,0.0,0.25,9.32
218,tt0265086,-0.37,0.0,0.0,0.0,0.35,-2.16,-1.23,-1.67
219,tt0266308,0.9,0.0,-0.56,0.48,-0.16,-3.94,-1.5,0.74
220,tt0268126,0.42,0.0,1.23,0.0,3.74,0.24,-0.54,0.96
221,tt0289879,-0.46,0.0,0.0,0.19,4.18,-0.31,0.45,0.32
222,tt0301357,0.0,0.0,3.24,0.0,3.5,0.0,0.0,2.26
223,tt0307901,1.55,0.0,0.0,1.08,2.81,0.0,0.0,3.47
224,tt0308644,6.27,0.0,0.78,0.95,0.0,0.0,3.01,1.82
225,tt0310775,-0.13,0.0,0.25,-0.82,0.6,-1.47,0.0,1.28
226,tt0315733,3.26,0.0,0.74,0.0,1.78,-1.21,1.26,0.42
227,tt0325710,1.88,1.72,0.0,1.84,0.87,0.54,1.76,4.65
228,tt0327597,0.45,0.0,1.58,0.88,2.68,-0.69,0.0,9.72
229,tt0328107,2.16,0.81,0.0,0.21,3.25,-0.38,0.14,1.13
230,tt0330373,0.93,0.12,1.09,0.88,-0.77,-2.13,0.79,0.06
231,tt0338135,0.77,0.0,0.33,0.39,0.88,-0.54,0.76,1.31
232,tt0340377,1.56,0.0,1.58,2.45,1.78,0.0,2.37,1.33
233,tt0344510,0.85,-0.48,1.05,0.68,0.27,1.83,0.07,3.95
234,tt0350258,0.17,0.0,0.0,13.42,0.0,-0.47,0.2,3.68
235,tt0361862,-0.49,0.0,0.0,0.0,-0.31,-0.88,0.0,0.38
236,tt0364517,0.76,0.0,2.62,-0.08,2.7,-0.31,1.86,0.82
237,tt0370986,3.18,0.0,0.58,1.36,2.47,-1.51,4.53,0.09
238,tt0381849,2.38,0.0,0.81,0.81,1.89,0.0,-1.0,0.04
239,tt0388795,1.69,0.0,0.36,0.82,0.0,-0.95,1.51,2.46
240,tt0416449,1.14,0.0,0.0,0.61,0.91,0.0,-0.2,2.34
241,tt0419677,0.16,0.0,0.6,0.42,0.85,0.52,-0.76,-2.2
242,tt0421082,0.0,0.0,0.0,5.01,0.0,-0.18,0.0,15.51
243,tt0443706,0.8,0.0,0.12,-0.81,-0.14,-0.93,-0.87,5.03
244,tt0446059,2.15,-0.51,0.0,4.21,3.94,-0.36,1.29,4.23
245,tt0452623,2.25,0.0,0.74,0.74,1.49,0.62,0.0,0.54
246,tt0455590,-1.17,0.0,0.0,0.67,0.0,0.95,0.0,1.07
247,tt0470752,1.48,0.0,0.0,1.34,0.68,1.45,0.0,1.53
248,tt0480025,0.49,0.26,1.69,2.18,-0.29,0.0,-0.9,1.3
249,tt0485601,1.35,0.0,0.49,4.8,-0.55,0.0,0.23,2.7
250,tt0486655,1.68,-0.63,7.8,1.64,1.05,0.56,3.58,2.43
251,tt0765443,0.32,0.0,0.0,0.78,-0.95,-1.4,0.0,-0.7
252,tt0817177,0.68,0.0,2.46,0.21,2.65,0.0,1.25,0.0
253,tt0851578,0.3,0.0,0.56,1.56,1.22,1.65,0.8,0.66
254,tt0857191,0.17,0.0,0.3,1.85,0.0,-0.36,-0.39,0.0
255,tt0870111,1.21,0.0,0.0,0.54,2.33,-0.67,0.0,2.72
256,tt0876563,0.0,0.0,0.45,4.71,0.19,1.75,0.96,1.74
257,tt0878804,2.23,0.67,0.59,0.51,-0.99,-1.04,2.08,2.52
258,tt0926084,1.19,0.0,0.78,0.17,1.03,0.0,0.0,0.34
259,tt0983213,0.0,0.0,0.0,4.37,1.39,0.0,1.36,1.06
260,tt1022603,0.38,0.38,3.47,1.63,1.84,0.14,1.7,0.96
261,tt1024648,2.19,0.0,0.8,0.81,-0.06,0.53,0.82,0.99
262,tt1045658,-0.52,0.0,2.8,0.0,-0.39,0.0,0.87,-0.42
263,tt1119646,0.97,0.0,8.4,0.0,2.72,0.31,0.0,0.42
264,tt1156398,0.0,0.0,3.26,0.0,1.47,-2.26,0.0,1.71
265,tt1213641,2.64,0.0,0.75,-0.13,0.94,0.0,-0.04,-0.26
266,tt1242422,3.96,0.0,0.0,0.0,3.41,0.86,0.0,0.0
267,tt1270798,1.28,1.28,2.44,0.0,1.37,2.44,0.0,2.43
268,tt1285016,1.38,0.0,0.0,0.01,0.42,-0.54,0.0,-1.39
269,tt1306980,0.81,0.0,4.16,0.9,-0.92,0.0,0.25,-0.36
270,tt1323594,0.75,0.0,1.97,1.53,0.61,0.0,0.68,0.6
271,tt1408101,0.0,0.0,0.0,0.0,-0.36,-0.94,-0.08,-1.79
272,tt1454468,0.75,0.0,0.0,-0.45,1.21,2.33,0.0,1.26
273,tt1485796,2.89,1.53,2.16,26.19,1.17,0.0,-0.26,3.34
274,tt1605783,1.35,0.0,4.69,2.31,2.52,0.0,3.46,6.08
275,tt1683526,-1.06,0.0,0.93,1.58,0.0,-0.84,-0.47,0.25
276,tt1772341,0.0,0.0,7.85,2.21,1.74,0.0,0.97,2.08
277,tt1821549,0.42,0.0,7.53,0.0,2.99,-0.27,0.96,-0.8
278,tt2562232,3.2,0.0,1.27,3.93,3.3,-0.7,1.5,2.36
279,tt2582846,0.89,0.0,1.59,1.27,-0.24,-1.88,1.12,0.0
280,tt2802144,0.02,0.0,0.53,0.0,0.0,-0.35,-0.92,-0.92
281,tt2980516,0.11,0.36,0.0,0.0,0.61,-0.74,1.83,0.73
282,tt3829920,0.44,0.0,0.74,0.0,0.74,0.0,1.61,3.78
283,tt3896198,0.48,0.0,5.06,3.46,0.89,1.48,0.0,1.48
284,tt4080728,1.41,0.0,0.87,0.0,0.54,0.0,2.89,-0.83
285,tt4226388,0.13,0.0,2.14,3.41,1.4,1.24,0.0,1.21
286,tt5052448,0.22,0.0,3.61,1.76,-2.21,-1.94,0.0,1.84
287,tt5164432,1.71,0.0,8.14,-0.44,-0.36,-0.51,1.22,-1.27
288,tt5362988,0.5,0.0,0.0,0.09,2.37,-3.06,0.0,3.14
289,tt0026029,1.93,0.0,2.48,1.32,1.22,6.39,0.23,1.87
290,tt0032455,0.0,0.0,0.57,15.26,-0.3,-0.25,-0.48,1.59
291,tt0043456,0.0,0.0,0.76,0.0,1.2,-0.58,0.51,-0.95
292,tt0045061,0.36,0.0,3.67,0.69,1.95,-0.23,0.95,3.74
293,tt0048545,0.19,0.0,0.0,1.35,0.27,-0.15,1.66,1.04
294,tt0049366,1.58,0.49,0.0,0.45,1.57,1.99,0.0,1.58
295,tt0054047,2.13,0.0,0.0,1.98,3.28,0.0,1.44,2.61
296,tt0056197,1.08,0.0,1.37,-0.19,0.47,-2.0,0.42,4.25
297,tt0058331,2.4,0.0,4.79,16.96,1.29,0.03,0.98,1.58
298,tt0058777,-0.02,0.0,0.0,-0.32,0.67,0.0,0.0,-0.57
299,tt0059646,0.29,0.0,0.0,-0.42,-0.3,-8.05,-0.69,-0.36
300,tt0061395,0.21,0.0,3.01,0.0,0.0,-0.4,1.22,0.8
301,tt0061578,1.53,0.0,1.03,0.4,-0.73,-3.04,-0.26,-1.0
302,tt0061735,2.21,0.0,0.0,2.72,0.51,-0.91,-0.34,1.65
303,tt0066999,1.64,0.0,0.0,1.46,1.76,0.97,0.0,3.8
304,tt0067116,0.43,-0.21,0.91,0.0,0.14,2.51,0.71,3.89
305,tt0067992,10.6,0.0,2.93,6.05,1.59,0.71,1.34,2.03
306,tt0068327,2.35,1.67,1.4,39.2,4.68,-2.43,0.97,3.99
307,tt0069947,-0.1,0.0,0.0,1.06,-0.16,5.02,0.15,1.93
308,tt0070666,2.24,0.0,0.0,1.16,1.8,1.55,0.75,1.45
309,tt0071230,0.0,0.0,16.95,-0.28,1.77,-1.74,-0.27,0.0
310,tt0073312,0.83,0.0,20.17,1.1,0.53,0.0,0.98,1.94
311,tt0077651,0.0,0.61,1.42,0.97,0.0,-7.0,0.57,0.62
312,tt0079417,5.33,0.0,2.79,0.96,2.94,-0.72,1.88,1.79
313,tt0080339,2.2,0.0,15.09,0.46,1.47,-0.78,0.0,0.84
314,tt0081283,4.11,0.0,1.03,1.43,5.26,0.14,-0.83,1.6
315,tt0084855,4.41,0.0,1.1,1.4,3.37,0.0,0.0,0.29
316,tt0085794,1.6,0.0,4.13,0.78,1.14,-0.13,0.0,2.71
317,tt0086637,1.45,0.71,7.78,6.76,0.0,0.0,1.51,1.61
318,tt0087332,0.66,0.0,11.27,0.95,0.0,1.13,0.0,0.54
319,tt0088939,0.85,0.0,0.38,2.5,1.27,0.0,-0.67,2.17
320,tt0089218,0.07,0.0,-2.02,0.77,-2.92,0.43,0.74,-1.37
321,tt0090756,-0.79,0.0,0.57,2.38,0.68,-0.15,0.79,3.69
322,tt0090967,-0.88,0.0,0.36,1.56,2.03,0.54,0.93,1.63
323,tt0091042,0.0,0.0,5.11,1.31,0.85,0.0,0.0,1.14
324,tt0091605,1.49,0.14,0.0,0.0,3.91,3.3,0.76,2.72
325,tt0092965,1.19,0.0,0.63,0.0,0.01,-0.65,1.93,4.64
326,tt0092991,0.3,0.0,-2.06,2.0,-1.56,-4.89,0.0,2.51
327,tt0093389,-0.49,0.54,0.0,-0.2,-0.31,-0.15,0.62,1.71
328,tt0093773,-0.18,0.0,6.42,0.72,-0.2,3.4,0.0,0.61
329,tt0094336,2.86,-0.35,0.67,2.57,4.16,0.0,0.25,-0.55
330,tt0095647,0.62,0.0,0.91,-0.27,0.0,-0.42,0.0,0.91
331,tt0096163,0.56,0.61,0.0,-0.36,1.05,0.46,0.59,1.21
332,tt0096874,0.26,0.0,8.22,0.49,2.5,0.0,0.0,0.72
333,tt0099077,5.75,0.0,-0.49,0.99,2.47,0.0,-0.97,0.0
334,tt0100150,-0.39,0.0,0.0,0.36,1.63,0.0,0.0,3.88
335,tt0100157,0.66,0.0,0.47,0.88,0.23,-4.86,0.5,-0.43
336,tt0101507,0.44,0.0,0.57,-1.77,0.59,0.0,0.51,0.01
337,tt0101765,-0.08,0.0,0.0,5.25,0.71,0.0,0.0,1.47
338,tt0102536,-0.25,0.0,9.7,0.48,-0.53,-1.23,0.0,1.69
339,tt0104348,8.06,0.0,1.3,-0.44,7.51,1.01,-0.14,2.44
340,tt0104652,0.64,0.0,3.13,5.15,-1.48,0.24,1.38,0.56
341,tt0104691,1.57,0.0,0.0,6.67,1.71,0.0,0.8,4.44
342,tt0106489,2.95,0.0,0.62,4.45,1.01,0.0,0.62,0.57
343,tt0106977,2.63,-0.45,-0.19,0.0,1.45,4.16,0.0,2.34
344,tt0108037,0.0,0.0,4.22,0.51,0.89,-1.22,1.0,0.0
345,tt0108358,5.09,0.38,1.86,0.57,2.0,0.92,0.83,2.02
346,tt0108550,-0.37,0.0,0.0,0.13,-0.13,0.0,-0.12,-0.5
347,tt0109445,0.53,0.0,8.05,2.81,1.92,0.2,-0.12,1.36
348,tt0116477,1.96,0.0,0.0,-0.7,0.92,0.82,0.77,-0.43
349,tt0119008,-0.8,0.0,0.62,0.78,1.77,0.0,0.0,1.82
350,tt0119174,0.3,0.0,1.59,0.0,5.07,3.38,0.0,-0.3
351,tt0119177,1.42,0.0,0.0,0.18,0.69,0.0,0.0,1.61
352,tt0120338,0.92,0.0,0.92,1.9,0.04,0.79,1.29,1.66
353,tt0120601,1.52,0.0,1.0,0.54,3.48,0.0,0.0,-0.17
354,tt0125659,0.27,0.58,0.52,3.44,4.44,-0.05,0.0,1.94
355,tt0132477,1.22,0.0,0.0,1.25,1.8,0.0,3.49,0.84
356,tt0144117,3.77,0.0,2.49,-0.82,0.06,-0.12,0.0,1.51
357,tt0147612,1.22,0.0,1.0,0.0,1.77,0.19,-0.65,0.0
358,tt0151804,-1.77,0.0,5.77,2.87,4.24,-0.68,0.0,1.72
359,tt0158983,0.46,0.0,5.64,15.51,2.74,-0.51,0.0,0.22
360,tt0162222,-0.03,0.0,0.7,0.27,0.46,-0.78,1.99,1.88
361,tt0190590,4.16,0.6,7.79,8.27,1.3,0.0,0.08,3.49
362,tt0210945,1.01,0.0,1.73,1.63,0.29,-0.86,1.21,3.32
363,tt0240772,1.28,0.0,4.34,0.0,2.59,-0.54,0.0,-0.18
364,tt0243017,0.36,0.0,-0.44,-1.03,-0.08,-0.03,-0.42,3.87
365,tt0245844,0.85,0.9,1.77,0.0,5.17,1.25,0.34,1.18
366,tt0248845,0.0,0.59,0.14,4.44,0.16,0.0,-0.23,1.96
367,tt0286244,0.0,0.0,1.5,4.95,-1.06,0.0,0.64,1.19
368,tt0298845,0.05,0.0,0.62,0.62,0.0,0.0,1.63,0.0
369,tt0318462,4.45,0.0,2.31,5.84,3.56,0.82,1.06,7.19
370,tt0335266,-0.34,0.0,2.14,2.25,0.64,-2.17,0.0,0.91
371,tt0338309,0.89,0.0,-1.79,3.24,0.4,-2.32,-0.32,-0.25
372,tt0372183,1.35,0.25,0.95,1.08,2.62,5.71,0.54,2.16
373,tt0373074,0.36,0.0,4.39,0.0,-0.13,0.0,-0.27,-0.81
374,tt0375679,0.0,0.0,-0.77,0.39,-0.2,0.0,-0.68,0.98
375,tt0389557,2.63,0.0,0.0,0.61,2.75,1.56,0.0,1.08
376,tt0398286,0.0,0.0,5.35,8.67,0.0,0.2,1.21,1.93
377,tt0412080,0.0,0.0,4.07,0.0,1.44,1.31,2.96,2.18
378,tt0414387,2.96,0.0,-0.11,-0.02,2.32,0.0,1.28,0.64
379,tt0418455,1.57,0.0,6.82,1.87,4.41,0.23,0.43,3.41
380,tt0421715,3.16,0.0,1.7,0.47,-0.12,0.0,1.41,2.63
381,tt0425210,2.95,0.0,4.78,0.0,4.34,2.05,0.0,0.38
382,tt0432283,-0.84,0.0,1.39,0.78,0.78,0.89,0.0,3.49
383,tt0449059,1.91,0.0,7.31,0.43,-0.84,-0.76,0.78,2.46
384,tt0457655,3.86,0.0,2.74,2.1,4.02,0.0,0.56,0.97
385,tt0472043,0.88,1.76,1.42,0.82,-0.62,1.68,0.0,5.46
386,tt0499549,1.34,0.0,1.94,2.25,1.15,-0.98,0.65,4.28
387,tt0758742,4.06,0.0,0.0,-0.53,0.94,2.9,0.25,1.39
388,tt0765429,0.29,0.0,0.0,0.3,-0.86,0.35,0.0,1.02
389,tt0780504,1.43,0.0,0.0,3.9,1.62,1.01,1.13,0.77
390,tt0783233,0.91,1.72,-0.54,4.9,1.85,0.53,0.13,1.26
391,tt0808506,0.57,0.0,0.8,6.31,0.0,0.0,3.36,2.06
392,tt0824747,0.94,0.0,0.0,0.36,2.23,-2.57,-1.9,1.28
393,tt0880502,2.41,0.0,0.0,-1.24,3.28,0.0,0.96,2.81
394,tt0914798,2.89,0.0,0.81,0.81,-0.13,-1.34,-3.96,-1.08
395,tt0936501,0.17,0.0,2.59,0.03,1.5,4.89,0.0,1.9
396,tt0964517,4.85,0.42,4.16,0.55,2.66,0.0,0.0,0.0
397,tt1074638,0.62,0.0,-0.39,0.62,-1.52,1.48,0.0,-0.9
398,tt1132620,3.12,0.0,-0.67,-0.15,-0.63,5.2,-0.56,3.1
399,tt1149362,-0.33,1.55,-0.7,0.4,0.0,-3.52,0.0,-0.93
400,tt1170358,0.0,0.82,0.0,-1.49,0.11,0.0,0.0,-1.51
401,tt1216496,1.57,0.0,0.92,0.0,1.59,2.69,0.53,2.43
402,tt1365050,0.77,0.0,0.0,0.74,2.11,-1.61,0.0,1.89
403,tt1490017,0.0,0.0,11.43,0.93,1.58,0.0,0.03,0.0
404,tt1527788,1.5,0.0,1.6,-0.46,1.64,0.34,0.27,0.03
405,tt1535109,1.18,0.0,0.85,-0.38,0.9,3.96,0.0,0.0
406,tt1568346,1.13,0.0,0.0,-1.65,-0.53,3.66,0.2,0.35
407,tt1588170,0.85,0.0,0.75,0.0,-1.96,-3.09,0.0,-3.08
408,tt1590089,0.9,0.0,0.0,0.44,0.86,-1.44,0.0,3.89
409,tt1596363,0.3,0.0,1.31,-0.2,0.88,0.0,-0.48,0.59
410,tt1646971,0.83,0.0,3.3,-1.34,0.36,0.75,0.57,0.51
411,tt1748122,4.39,0.0,1.71,0.64,3.05,-0.92,0.93,4.76
412,tt1754656,0.0,0.0,0.0,2.79,0.51,0.0,1.14,0.98
413,tt1827487,0.42,0.0,1.45,0.0,0.15,-0.32,0.0,8.71
414,tt1843866,0.0,0.0,4.72,0.99,4.27,1.03,0.04,0.83
415,tt1924396,0.0,0.0,1.6,2.51,5.45,0.16,-0.71,3.65
416,tt2013293,-0.18,0.0,0.49,3.74,0.38,0.0,1.05,1.13
417,tt2024519,0.9,0.0,0.0,10.41,1.28,0.0,1.1,2.36
418,tt2194499,0.71,0.0,3.42,2.59,1.98,0.91,5.99,0.0
419,tt2245084,0.0,0.0,2.57,2.41,1.78,0.0,-1.23,0.56
420,tt2278871,0.82,0.0,0.0,0.0,0.72,0.56,0.0,1.78
421,tt2317337,2.65,0.0,4.65,5.01,2.25,0.45,0.84,0.0
422,tt2350496,2.24,0.0,0.27,2.26,0.83,0.0,0.89,0.0
423,tt2358891,3.25,0.0,0.37,4.91,0.42,0.0,-0.79,5.74
424,tt2404461,3.13,0.0,0.0,0.0,-0.69,-0.37,0.0,0.6
425,tt2582496,0.78,0.0,1.5,0.45,1.27,0.0,-0.67,0.3
426,tt3169706,1.7,-0.55,5.06,1.52,1.94,-0.36,3.02,2.53
427,tt3262342,0.75,0.0,0.0,4.74,0.85,0.0,0.68,4.25
428,tt3460252,0.87,0.21,1.3,0.0,-1.59,-0.85,0.67,1.18
429,tt3498820,-0.22,0.0,0.54,0.79,-0.29,-0.74,0.0,0.03
430,tt3748528,2.61,0.0,0.85,0.0,-1.28,-0.36,0.0,0.0
431,tt3841424,0.91,0.0,-0.48,0.0,0.22,-2.28,0.79,1.4
432,tt4034228,-1.09,0.4,-2.35,0.13,-3.36,-0.8,-2.66,3.28
433,tt4302938,1.3,0.0,5.03,8.28,0.23,0.4,1.95,3.3
434,tt4846340,0.0,0.0,0.0,0.95,0.0,0.0,0.0,-0.3
435,tt4901306,2.33,0.0,2.26,-0.32,2.84,0.0,-0.55,0.0
436,tt5186714,-0.59,0.0,0.0,0.0,-0.96,2.28,-0.48,-0.18
437,tt5463162,-0.48,0.0,8.31,0.0,-0.8,-1.02,0.0,0.0
438,tt7668870,2.02,0.0,0.0,0.0,1.49,3.08,-0.69,0.51
439,tt0021884,1.35,-0.45,0.0,0.58,0.4,-4.5,0.51,1.59
440,tt0022913,2.26,0.0,0.83,-1.57,1.61,-7.08,0.17,0.33
441,tt0024216,0.75,0.97,1.32,2.51,1.89,2.37,-0.4,2.96
442,tt0026138,1.15,0.84,0.49,3.95,0.0,3.72,0.0,4.01
443,tt0030341,0.7,0.0,4.37,2.35,4.42,4.56,1.79,1.1
444,tt0031971,-0.18,0.0,0.23,0.96,0.39,0.0,0.0,7.46
445,tt0036342,0.0,0.0,0.0,0.0,1.18,1.22,-0.57,0.4
446,tt0039628,0.99,0.0,1.45,0.95,1.21,-0.59,2.17,0.57
447,tt0040506,1.28,0.0,0.72,0.91,2.09,0.73,0.0,0.95
448,tt0043265,2.98,0.0,5.55,0.0,-0.23,0.15,1.72,3.22
449,tt0049833,0.62,0.7,0.63,1.14,0.96,-0.2,0.0,4.42
450,tt0053472,1.2,0.0,2.02,-1.56,0.7,1.4,-0.51,0.15
451,tt0054331,0.28,0.0,0.88,1.41,0.89,-0.38,1.06,0.51
452,tt0055032,1.25,0.64,0.0,0.0,1.99,0.0,1.97,3.63
453,tt0058385,2.84,1.98,2.57,21.13,0.0,0.0,0.72,3.63
454,tt0060665,3.6,1.64,0.0,0.15,4.65,0.2,0.87,2.71
455,tt0061418,2.13,0.0,0.47,2.27,-0.24,-0.85,0.75,2.7
456,tt0063350,-0.94,0.0,0.0,0.0,-0.07,-7.23,0.0,-0.9
457,tt0064665,1.15,0.0,0.85,3.85,-0.31,0.94,0.14,5.68
458,tt0068361,0.01,-0.3,4.52,0.57,1.72,0.85,0.0,2.09
459,tt0069762,0.34,0.78,1.42,1.78,0.32,-0.92,1.83,0.77
460,tt0071129,-0.57,0.0,3.62,2.35,-0.7,-0.39,0.52,2.13
461,tt0071360,-0.12,0.0,0.42,1.72,0.47,-0.54,0.0,0.25
462,tt0071615,0.0,0.0,-0.0,-0.04,-0.51,-1.21,0.0,2.29
463,tt0073341,1.44,0.0,0.0,2.08,3.63,0.31,-0.66,0.62
464,tt0075029,1.11,0.0,0.29,0.0,2.01,0.1,-0.18,0.52
465,tt0077405,1.49,0.0,0.0,2.07,1.98,0.57,0.0,6.05
466,tt0080455,1.68,0.0,3.85,16.49,2.51,0.61,0.0,0.42
467,tt0083866,0.62,1.07,0.83,3.81,0.0,0.99,2.09,3.25
468,tt0086197,1.85,0.0,3.41,2.14,0.59,0.0,0.87,2.16
469,tt0087553,-0.47,0.0,0.0,5.09,0.77,-4.37,0.0,0.85
470,tt0088847,1.35,0.0,2.92,1.97,0.14,0.0,-0.57,0.91
471,tt0091167,4.46,0.6,8.61,4.69,6.33,0.0,1.28,5.04
472,tt0094226,0.48,0.93,0.89,0.25,1.92,0.31,0.85,2.22
473,tt0097202,0.02,0.0,0.78,-1.02,0.23,-1.38,0.0,-2.55
474,tt0097216,0.35,0.0,0.32,2.25,0.68,-0.97,0.0,1.18
475,tt0097441,2.33,0.92,0.0,0.9,1.39,0.96,0.0,4.25
476,tt0097814,0.72,0.0,2.52,0.97,0.74,0.72,0.79,1.38
477,tt0097937,8.06,0.0,0.44,0.0,0.0,0.53,0.0,0.65
478,tt0099487,2.2,0.0,0.51,8.28,0.69,1.73,0.47,3.22
479,tt0104684,0.64,0.0,1.39,-0.25,1.56,1.2,-0.79,1.99
480,tt0106364,0.84,0.0,0.81,0.56,1.58,0.86,-0.72,1.45
481,tt0106519,2.87,0.0,0.94,3.16,0.64,0.3,0.61,2.06
482,tt0107653,0.51,0.0,1.1,0.0,-0.62,-0.89,-1.29,0.8
483,tt0107692,0.0,0.0,1.32,2.2,0.04,-1.05,-0.48,2.14
484,tt0107943,0.29,0.07,0.0,0.75,0.97,-1.74,-0.66,3.2
485,tt0108399,4.43,-0.3,2.16,4.1,3.93,2.01,0.96,0.79
486,tt0109707,1.36,1.35,5.15,2.22,2.43,0.38,0.57,2.67
487,tt0110729,2.51,0.0,0.0,-0.47,0.69,-0.71,1.19,0.98
488,tt0115751,1.98,0.0,0.86,2.69,0.0,0.82,1.62,4.92
489,tt0118749,2.56,0.0,3.68,3.06,1.55,0.01,1.02,3.31
490,tt0120363,2.1,0.0,5.12,1.7,3.27,0.0,1.64,0.47
491,tt0126029,0.86,0.0,21.16,1.14,4.13,-0.19,2.16,1.4
492,tt0140352,3.26,0.0,0.0,2.29,2.46,0.61,0.0,1.57
493,tt0156887,-1.6,0.0,-0.08,1.52,0.31,1.53,0.0,-0.41
494,tt0181875,1.62,0.88,1.68,4.47,1.69,0.0,0.84,3.4
495,tt0185125,0.48,0.0,0.0,-0.25,1.94,-0.61,2.15,1.78
496,tt0190332,-0.57,-0.15,0.0,0.66,2.77,0.77,2.42,2.05
497,tt0206634,0.9,0.0,-1.36,0.3,-1.98,-1.43,0.34,3.15
498,tt0247586,3.43,0.0,2.76,0.0,2.64,2.2,0.0,0.79
499,tt0258463,0.79,0.0,0.0,1.1,4.57,4.05,0.0,0.14
500,tt0275277,0.0,0.0,2.68,3.26,1.44,0.0,0.0,2.69
501,tt0299977,0.0,0.83,0.0,1.54,1.21,-1.18,0.0,3.29
502,tt0300140,0.84,0.0,0.0,0.19,0.0,-1.93,-2.02,-0.97
503,tt0304141,2.47,-0.62,-0.21,-0.04,0.81,-0.63,0.0,0.33
504,tt0332280,0.88,-0.93,-0.91,-0.34,-2.29,-1.88,3.84,0.96
505,tt0358273,1.56,0.0,0.85,5.48,0.75,-0.15,0.0,1.51
506,tt0365748,0.68,0.0,1.65,0.0,-0.52,-2.24,0.0,0.0
507,tt0371746,1.77,0.0,6.46,0.95,3.05,0.24,0.0,0.79
508,tt0372824,3.19,0.0,0.69,8.02,1.75,0.89,1.45,1.49
509,tt0379786,0.0,0.0,1.82,0.0,1.92,0.37,-0.27,1.25
510,tt0420332,6.4,0.0,0.0,4.24,2.51,-1.22,3.24,3.39
511,tt0425112,0.69,0.0,12.94,0.0,0.65,0.91,-0.03,-1.22
512,tt0454876,1.91,0.0,0.9,1.22,0.53,0.0,0.16,3.9
513,tt0460791,5.02,0.99,1.71,1.64,0.48,0.0,2.69,9.86
514,tt0485947,0.0,-0.58,-0.39,0.85,0.51,-0.05,1.5,4.09
515,tt0498380,0.57,0.0,0.0,2.36,2.01,-2.8,0.07,1.87
516,tt0756683,2.06,0.42,1.78,0.0,2.17,0.78,0.0,0.7
517,tt0780536,0.83,0.0,2.56,0.92,5.04,0.51,0.0,1.29
518,tt0903624,0.2,0.0,0.0,0.6,0.8,0.0,0.0,0.51
519,tt0907657,4.35,0.0,1.23,21.25,1.21,0.0,0.6,0.0
520,tt1032846,0.99,0.0,0.0,0.0,0.12,-2.64,0.71,0.64
521,tt1065073,3.59,0.0,-0.36,0.76,-0.62,0.0,0.92,-0.41
522,tt1093370,4.37,0.0,9.58,5.1,1.1,0.0,6.44,1.69
523,tt1125849,1.35,0.42,0.0,-0.59,-1.11,0.4,-0.18,0.29
524,tt1136608,0.0,0.0,0.0,1.25,0.72,0.0,0.0,0.18
525,tt1139797,-0.64,0.0,0.0,1.07,0.67,-2.52,-0.65,2.3
526,tt1182345,1.58,0.0,0.2,2.22,3.66,-0.15,0.0,-0.0
527,tt1190539,1.08,0.0,0.0,0.0,-0.5,0.6,-0.3,-0.77
528,tt1235166,0.44,0.0,0.0,-1.7,-1.31,0.0,0.0,-0.02
529,tt1398426,0.29,0.0,-0.63,-0.17,-0.67,0.0,0.0,0.0
530,tt1602620,0.61,0.0,0.0,-0.53,-0.03,1.73,0.14,0.63
531,tt1631867,0.0,0.0,3.73,0.0,2.77,1.97,0.0,0.92
532,tt1655442,1.12,0.0,0.0,1.98,1.46,0.0,0.8,2.62
533,tt2181931,1.78,0.0,0.27,1.33,1.08,0.0,1.15,0.94
534,tt2209418,1.11,0.0,0.69,0.6,1.67,0.0,1.67,-0.01
535,tt2543164,0.0,-0.89,1.28,3.15,0.66,0.48,0.54,2.76
536,tt2872718,1.82,0.0,0.81,1.08,3.4,0.75,0.0,-0.02
537,tt3501632,0.8,0.0,4.67,1.6,0.67,0.77,0.0,1.71
538,tt3553976,0.64,0.65,0.51,-0.04,0.54,-0.2,0.49,2.26
539,tt3606756,-0.15,0.0,4.93,0.0,0.49,0.0,0.13,0.31
540,tt4468740,1.57,0.0,2.71,0.85,0.86,0.0,1.76,1.76
541,tt4698684,3.22,0.0,13.36,0.39,1.88,0.0,2.07,4.01
542,tt5013056,-0.79,0.0,0.0,-2.15,0.59,0.0,0.73,0.38
543,tt5168192,0.49,0.0,0.99,-0.96,1.08,-3.02,-2.69,0.62
544,tt0013442,0.9,0.4,0.78,3.91,-0.66,-3.85,-0.8,1.86
545,tt0015648,0.0,0.0,0.71,0.0,-0.15,-0.83,0.0,0.37
546,tt0023969,0.0,0.48,7.79,2.76,0.02,-0.8,0.0,0.97
547,tt0026778,0.0,0.0,11.66,7.99,2.39,0.0,1.95,2.39
548,tt0029843,0.27,1.85,1.82,5.68,2.31,0.96,2.58,1.93
549,tt0029947,1.68,0.0,4.51,-1.32,-0.34,-0.18,0.0,0.62
550,tt0032138,0.0,0.73,1.37,4.43,0.7,-0.29,0.62,4.74
551,tt0032599,1.6,0.0,3.61,0.0,-0.06,0.0,0.18,0.29
552,tt0032904,3.36,0.0,3.51,0.0,4.23,0.0,7.08,0.0
553,tt0036613,5.19,0.0,9.72,0.0,3.19,0.09,0.0,1.19
554,tt0037382,1.89,0.0,0.76,2.19,3.11,0.0,0.89,2.56
555,tt0037884,-0.86,-0.93,-0.23,0.0,2.81,-0.85,0.82,1.19
556,tt0038355,0.94,0.0,0.8,0.35,3.44,0.6,-0.84,-0.13
557,tt0038787,0.13,0.0,0.0,-0.33,4.05,2.72,2.61,4.31
558,tt0040746,1.37,0.0,0.45,0.0,-0.24,-0.66,-0.14,-1.8
559,tt0042546,0.0,0.0,1.18,0.82,1.41,0.0,0.27,0.0
560,tt0044079,0.0,0.0,0.92,0.0,1.47,4.33,0.96,1.46
561,tt0044081,5.4,0.0,0.0,3.41,4.15,-0.48,0.0,2.0
562,tt0044706,0.64,-0.3,0.0,0.81,-0.92,0.83,0.0,0.97
563,tt0046359,0.43,0.0,-2.31,-0.24,3.83,-2.55,0.0,-0.16
564,tt0048028,2.41,0.0,0.0,0.0,0.0,0.83,0.36,0.75
565,tt0048424,1.13,-0.92,1.85,0.56,-0.92,-3.43,0.69,-0.75
566,tt0049406,1.45,0.0,0.0,0.0,3.96,1.19,-0.69,3.38
567,tt0049730,0.0,0.0,0.0,1.38,1.76,-0.54,0.0,4.57
568,tt0053221,0.37,0.0,0.08,0.69,1.83,0.0,1.38,1.73
569,tt0054997,2.59,0.0,0.0,0.0,0.58,1.4,0.0,2.04
570,tt0056218,1.9,0.0,0.0,-0.74,-0.63,6.01,-0.84,2.64
571,tt0056923,6.71,0.0,7.88,5.7,9.18,7.77,8.25,2.65
572,tt0058461,1.95,0.0,0.0,1.39,0.92,-0.37,0.37,0.94
573,tt0059113,-0.04,0.0,0.0,2.14,0.7,0.13,0.0,3.06
574,tt0059742,0.11,0.2,5.09,19.9,1.75,0.04,2.72,3.73
575,tt0061184,1.55,0.0,-0.46,0.0,0.53,-0.88,0.0,0.97
576,tt0061722,0.08,0.6,5.39,5.15,0.08,0.54,1.15,2.69
577,tt0061811,2.99,0.0,0.0,0.2,-0.77,-0.01,0.0,2.28
578,tt0063442,0.0,0.43,1.02,0.0,1.02,-0.22,0.0,1.79
579,tt0063522,0.0,-0.67,1.61,3.1,3.34,-6.36,0.0,1.51
580,tt0065214,2.02,0.0,0.0,1.73,0.11,-0.09,-0.44,-0.5
581,tt0066206,3.74,0.9,0.32,1.71,0.85,-1.74,0.92,1.7
582,tt0067093,0.9,0.83,0.97,21.51,1.77,0.0,0.0,3.39
583,tt0067185,0.92,0.0,3.26,2.32,1.67,-0.54,0.92,2.22
584,tt0068182,1.06,1.02,-0.66,0.91,0.95,-0.68,0.0,3.58
585,tt0069281,2.23,0.0,1.8,0.0,6.15,6.15,0.0,0.0
586,tt0070047,1.32,0.53,0.53,-0.61,1.52,-3.21,-0.53,-0.61
587,tt0070511,-0.31,-0.93,0.0,1.05,-0.93,-0.59,0.17,-0.78
588,tt0072431,1.55,0.0,11.07,0.54,1.53,-1.24,0.0,2.65
589,tt0072890,1.5,0.0,0.55,0.77,0.98,-1.61,-0.1,0.86
590,tt0073195,0.77,0.0,1.49,2.64,-0.21,-4.47,0.0,1.6
591,tt0074119,1.6,0.0,0.0,0.7,2.65,1.92,0.77,0.34
592,tt0075686,2.0,0.0,5.97,1.0,3.66,-1.61,4.84,1.86
593,tt0077402,0.44,0.9,2.83,3.68,0.41,-3.29,0.0,-0.18
594,tt0078841,0.43,0.0,5.75,-0.85,0.0,0.07,0.89,2.02
595,tt0079522,0.0,0.0,5.05,2.03,0.83,0.0,1.44,5.54
596,tt0080979,1.23,-0.46,0.78,-1.42,1.35,-0.96,0.0,2.75
597,tt0084503,0.62,0.0,0.84,7.35,0.36,0.0,0.0,3.18
598,tt0085334,1.19,0.0,0.05,0.27,1.55,1.36,0.0,1.18
599,tt0088247,1.2,0.0,0.62,1.36,3.76,1.5,-0.39,1.58
600,tt0088258,0.96,0.15,10.76,0.88,0.35,-0.7,0.0,-0.03
601,tt0088846,1.84,0.0,0.05,0.92,-0.36,-3.27,0.26,2.87
602,tt0092593,-0.23,0.0,0.0,0.0,-0.49,0.0,0.59,0.0
603,tt0095953,6.53,0.0,0.85,0.0,0.79,0.0,0.0,1.71
604,tt0097123,0.0,0.0,6.31,0.0,0.29,0.81,0.18,1.46
605,tt0099348,0.22,0.0,0.0,3.0,0.71,0.0,0.59,2.92
606,tt0101414,0.0,0.0,2.42,14.07,0.0,0.0,2.64,6.67
607,tt0102138,0.54,0.0,-0.57,0.0,0.36,-0.94,0.36,1.14
608,tt0103639,0.87,-0.27,11.01,16.31,2.71,0.0,3.63,2.49
609,tt0105323,3.44,0.0,0.78,0.0,1.89,0.0,0.0,1.94
610,tt0106469,-0.7,0.03,0.0,0.0,0.0,0.0,0.31,0.89
611,tt0107048,1.68,0.0,7.58,0.0,2.04,0.0,1.45,1.57
612,tt0107688,0.39,0.0,1.83,5.23,0.69,1.95,0.0,1.6
613,tt0108394,0.39,0.0,-0.42,3.25,0.37,0.0,0.0,1.84
614,tt0113568,0.0,0.4,1.43,1.54,2.71,0.12,0.0,3.28
615,tt0113824,0.0,0.0,0.0,0.81,1.0,0.0,0.93,1.06
616,tt0114746,0.02,0.38,0.83,0.0,4.45,2.06,-0.1,2.6
617,tt0117589,1.51,0.0,-0.3,2.12,2.09,-1.29,-0.27,3.49
618,tt0117666,5.29,0.0,1.75,0.65,1.88,0.05,0.87,1.21
619,tt0129167,0.42,0.0,3.48,3.29,0.86,0.83,0.0,3.4
620,tt0140888,1.21,0.0,0.0,3.04,0.0,0.85,1.85,5.2
621,tt0166896,1.17,0.0,0.0,1.19,1.24,-0.4,0.0,0.63
622,tt0166924,0.78,0.91,0.0,0.78,1.87,-0.51,0.0,1.87
623,tt0168629,0.3,0.0,0.76,15.64,0.49,0.01,0.34,1.63
624,tt0175880,0.72,0.0,1.04,2.44,1.73,0.51,0.87,0.92
625,tt0276919,2.43,-0.61,0.0,1.18,2.33,-0.67,-0.07,-0.08
626,tt0283509,0.0,0.0,-0.7,-0.05,0.1,-1.34,0.45,0.17
627,tt0287467,0.78,-0.08,0.84,0.76,2.3,0.0,2.5,2.47
628,tt0317705,0.54,0.0,3.03,1.15,1.81,0.0,0.55,2.71
629,tt0319061,0.0,0.0,2.71,-0.13,0.0,1.69,1.65,3.23
630,tt0325980,0.0,0.93,0.47,0.62,0.97,-0.34,-0.12,1.81
631,tt0327056,1.9,0.0,-0.2,-0.05,-1.61,-0.78,-2.04,-0.22
632,tt0347048,4.44,0.0,0.0,4.55,0.72,0.94,0.93,2.67
633,tt0347304,2.5,0.0,4.76,4.83,2.05,0.0,1.61,0.95
634,tt0352248,1.13,0.0,0.85,1.0,0.0,-0.33,-1.22,1.79
635,tt0369702,7.35,0.0,0.0,0.0,0.7,0.03,0.06,2.44
636,tt0376968,0.12,-0.75,0.0,0.82,0.0,-1.29,-0.67,3.15
637,tt0378194,0.38,0.0,0.33,1.52,0.3,-0.44,-1.22,0.0
638,tt0381061,1.52,0.77,1.75,0.15,1.2,2.86,-0.3,1.81
639,tt0382932,1.73,0.0,7.45,1.77,0.89,0.95,0.24,1.18
640,tt0384116,3.5,0.0,13.99,1.76,2.16,0.82,0.0,0.48
641,tt0401085,2.01,0.0,-0.1,3.54,2.19,0.84,-0.45,0.0
642,tt0401383,0.87,0.0,0.0,1.87,0.76,-1.53,-0.23,2.0
643,tt0401792,0.15,0.0,0.36,-0.1,1.17,-0.81,0.0,1.49
644,tt0440963,0.57,0.0,0.85,0.85,0.4,2.65,0.27,-0.08
645,tt0450259,0.69,0.0,0.0,-0.84,0.7,-1.95,0.21,2.66
646,tt0454921,0.66,0.0,0.88,0.86,-0.22,-0.47,5.11,0.0
647,tt0790636,7.64,0.0,0.08,-0.48,2.72,0.13,0.78,1.57
648,tt0796366,0.51,-1.36,1.6,0.0,0.44,-1.17,0.0,0.31
649,tt0947798,2.77,0.0,0.81,0.44,0.0,-1.77,-0.53,1.44
650,tt1010048,0.61,0.0,0.73,1.36,0.81,0.03,0.85,0.68
651,tt1185616,0.0,0.0,0.79,3.84,0.0,-0.74,0.0,-0.55
652,tt1188996,1.01,0.0,0.0,2.65,-0.43,0.59,0.4,0.77
653,tt1220719,0.68,0.0,0.0,0.0,0.0,-0.65,0.0,-0.15
654,tt1360860,1.97,0.0,1.0,2.22,3.06,1.29,0.99,4.93
655,tt1431045,-0.13,0.0,8.0,0.73,1.55,-0.13,0.25,-0.92
656,tt1504320,4.49,0.0,3.43,0.0,1.39,0.0,0.73,2.11
657,tt1659337,0.0,0.0,0.41,5.33,1.34,-0.54,-0.31,1.91
658,tt1663202,-0.75,0.0,0.74,0.61,0.08,-0.73,0.0,2.57
659,tt1798709,0.96,1.71,1.42,2.67,2.4,0.0,0.93,2.94
660,tt1856101,1.17,0.0,0.0,2.52,1.89,0.63,0.0,0.18
661,tt1877832,1.99,0.54,3.81,1.99,0.62,0.61,0.0,3.17
662,tt2084970,1.5,0.64,0.0,0.0,1.34,1.21,0.97,-0.59
663,tt2265171,1.55,0.0,0.51,0.0,0.13,-0.09,0.42,1.27
664,tt2370248,0.78,0.0,1.77,0.9,1.09,0.89,2.35,-0.2
665,tt2377938,3.17,0.0,-0.48,2.19,13.73,5.45,0.41,1.6
666,tt2488496,-2.19,0.0,1.11,0.0,0.39,0.0,0.0,0.0
667,tt2543472,2.19,0.76,0.82,0.92,1.71,0.0,3.43,0.0
668,tt2948356,0.0,0.0,3.77,0.91,1.99,0.0,0.3,0.0
669,tt3544112,1.67,0.0,4.33,25.89,1.28,0.0,0.78,2.03
670,tt3659388,0.88,0.0,2.46,0.67,2.34,0.61,0.72,0.0
671,tt3863552,0.47,0.0,1.68,1.28,5.72,0.0,3.67,0.0
672,tt4912910,1.85,0.0,0.0,-0.31,0.76,0.6,0.0,0.97
673,tt5104604,0.57,0.0,2.26,2.21,0.29,0.0,0.94,0.7
674,tt5726616,0.44,0.0,0.0,4.04,0.0,0.92,1.05,2.57
675,tt0010323,-0.89,0.53,-0.65,-0.23,-0.0,-6.91,1.52,0.55
676,tt0020629,0.72,0.0,-0.87,-0.38,1.93,-3.88,-0.03,1.49
677,tt0025316,4.63,0.0,3.1,3.07,0.99,0.0,5.86,5.91
678,tt0028950,0.56,0.0,0.99,-0.0,-1.14,-3.2,0.0,1.37
679,tt0032551,0.96,0.0,0.0,0.0,0.68,0.0,0.0,0.29
680,tt0032976,0.36,-0.36,0.89,0.13,2.79,-2.6,0.46,1.54
681,tt0033870,0.69,1.41,0.0,0.77,0.93,1.04,0.0,1.0
682,tt0036868,0.58,0.0,-0.56,0.98,0.62,-0.4,-0.84,0.91
683,tt0037008,2.99,-0.77,0.37,2.36,1.71,0.82,1.85,-0.93
684,tt0037558,-1.15,0.0,0.79,-0.03,1.15,0.0,0.96,1.95
685,tt0039689,-0.15,0.0,0.82,1.2,2.34,0.16,0.77,3.67
686,tt0041546,0.7,0.0,4.87,0.0,3.62,0.0,0.0,4.22
687,tt0046250,-0.06,0.94,2.53,0.0,2.72,0.0,6.61,2.17
688,tt0046268,-0.05,0.0,0.0,0.62,0.55,2.66,0.0,0.39
689,tt0046911,-1.53,0.0,0.0,0.65,0.89,3.85,0.0,-2.69
690,tt0047528,0.0,0.0,0.0,2.56,0.27,0.0,2.92,5.22
691,tt0050613,0.15,0.0,1.27,0.38,-0.87,-1.52,-0.3,2.59
692,tt0050783,4.13,0.0,0.0,0.0,0.62,0.65,0.0,1.04
693,tt0051459,1.4,0.0,1.28,-0.67,0.95,0.0,1.1,-0.55
694,tt0051808,0.99,0.0,7.15,0.42,0.77,0.0,-0.2,1.4
695,tt0052311,-1.4,0.65,1.76,-0.19,-0.03,1.36,0.0,3.89
696,tt0052561,1.42,-0.93,1.41,0.0,-0.0,0.0,0.77,-0.42
697,tt0052618,4.66,1.09,0.18,4.02,-0.36,0.0,2.75,6.3
698,tt0053198,0.66,0.0,0.96,0.0,0.0,0.36,0.0,-2.18
699,tt0053779,0.57,0.0,0.0,0.99,0.68,0.0,0.0,3.48
700,tt0056217,1.71,0.0,-0.89,1.12,3.4,0.0,-0.24,0.27
701,tt0056687,4.23,0.44,-0.46,1.3,0.59,-0.25,-0.19,3.29
702,tt0056801,0.0,0.0,1.32,1.84,0.84,-0.71,0.0,0.06
703,tt0058946,-0.71,0.0,0.0,0.37,-0.04,-1.78,0.0,0.65
704,tt0060827,0.54,0.0,0.0,-0.19,-0.18,-2.71,-0.75,0.41
705,tt0061512,1.03,0.0,0.65,-0.08,0.7,0.0,0.0,-0.98
706,tt0062229,0.88,0.0,0.0,1.12,-0.66,0.0,0.0,-0.73
707,tt0063227,2.04,0.92,-0.97,1.45,2.32,-0.72,0.0,1.98
708,tt0064115,1.89,0.0,5.8,2.18,2.95,0.0,0.0,3.17
709,tt0067328,2.53,0.0,0.42,3.31,3.44,-0.36,0.0,1.17
710,tt0069293,0.62,0.0,0.0,0.74,0.0,-0.91,0.0,1.27
711,tt0070510,1.81,0.0,6.52,1.51,1.7,0.45,1.73,8.25
712,tt0072443,0.0,0.49,0.0,0.49,-0.87,0.0,-0.48,4.74
713,tt0072684,2.52,1.3,1.97,1.67,2.74,-0.32,2.22,6.64
714,tt0074958,7.67,0.0,0.88,0.0,4.84,-0.02,0.5,1.47
715,tt0075148,2.52,0.0,0.0,0.27,2.21,-0.23,0.0,4.31
716,tt0077416,1.72,0.0,0.0,-0.76,-0.0,-2.89,0.0,1.53
717,tt0079470,1.0,0.0,19.5,2.32,0.61,0.0,1.0,0.0
718,tt0079944,0.44,0.0,0.0,0.83,0.75,-0.44,0.0,2.39
719,tt0083922,1.49,1.23,0.0,1.98,0.0,0.06,0.85,2.38
720,tt0083946,0.88,0.0,1.75,0.91,0.18,0.0,0.62,8.03
721,tt0083987,1.27,0.62,0.0,0.62,1.19,-0.68,-0.82,0.99
722,tt0084787,0.0,0.0,0.0,0.39,-0.76,0.5,0.23,0.76
723,tt0087544,0.0,0.0,0.0,-0.02,0.0,0.53,-0.06,2.22
724,tt0087884,1.56,0.0,-0.34,2.54,0.23,0.18,0.67,1.55
725,tt0091763,0.25,0.13,0.0,4.31,1.25,-3.17,-1.04,1.29
726,tt0092005,3.5,0.0,1.86,0.69,2.92,-0.05,-0.04,0.2
727,tt0092067,0.76,0.0,0.75,5.68,2.28,0.15,1.38,0.74
728,tt0093191,0.61,0.0,0.0,3.97,1.43,-0.23,1.39,8.08
729,tt0093779,-0.08,1.02,8.34,-0.56,0.64,0.0,2.29,1.9
730,tt0094625,0.0,0.0,0.0,3.2,-0.52,-0.02,0.0,1.48
731,tt0097165,0.42,0.0,1.25,0.0,0.68,0.0,3.0,0.78
732,tt0107207,2.21,0.0,0.0,-0.92,0.9,-1.15,0.0,0.83
733,tt0107290,3.72,0.0,3.01,2.9,1.03,0.32,0.0,1.56
734,tt0109424,0.0,0.0,0.0,0.64,-0.95,-0.7,-0.34,1.06
735,tt0111495,3.13,0.0,0.0,0.0,2.33,0.0,-0.48,2.61
736,tt0112471,0.83,0.0,2.63,0.0,1.09,0.0,9.36,0.68
737,tt0113247,-0.97,0.59,0.93,1.81,-0.38,0.6,-0.57,0.29
738,tt0114787,0.0,0.0,0.63,1.46,0.32,0.46,0.69,3.17
739,tt0116282,1.07,-0.46,3.39,2.92,2.38,0.64,0.37,4.28
740,tt0118694,1.21,0.4,0.0,7.85,0.25,-0.76,2.46,7.4
741,tt0118715,3.59,0.93,10.36,6.17,1.82,0.0,-0.5,1.94
742,tt0118843,1.28,0.0,5.64,6.33,3.0,0.0,0.0,2.86
743,tt0120382,3.06,0.0,1.68,2.84,0.0,-0.66,0.0,4.93
744,tt0120731,1.23,1.58,0.0,7.76,2.16,0.57,1.89,3.21
745,tt0154420,0.72,0.0,-1.48,-1.59,0.51,-0.34,0.0,0.72
746,tt0167404,2.07,0.0,0.78,2.68,0.8,-5.58,0.0,1.17
747,tt0169102,1.39,0.0,0.71,13.85,2.09,0.0,0.71,2.07
748,tt0198781,1.25,0.0,7.4,-0.25,1.06,-0.35,1.15,0.0
749,tt0245712,0.0,0.0,0.0,2.55,1.51,-0.22,0.63,1.37
750,tt0246578,0.0,0.0,0.83,3.95,-1.04,-0.95,0.0,0.65
751,tt0264464,1.98,0.69,4.32,1.54,2.03,0.0,0.89,2.64
752,tt0266543,0.0,0.0,4.11,0.89,1.91,-0.44,0.84,-1.16
753,tt0266697,1.56,0.0,0.98,-0.76,-0.79,0.33,0.0,-0.69
754,tt0270053,0.4,0.0,2.18,1.06,1.86,-0.2,0.0,1.96
755,tt0293715,2.72,0.0,2.76,0.05,1.6,0.83,4.96,0.1
756,tt0338564,1.49,0.0,-0.21,1.95,5.35,1.38,0.0,1.06
757,tt0353969,0.24,0.0,0.0,-0.44,1.02,-1.79,0.0,0.81
758,tt0374546,-0.65,0.0,0.0,1.06,0.1,0.69,0.0,5.06
759,tt0381681,1.77,0.0,0.93,2.29,0.8,1.23,4.72,0.46
760,tt0386064,0.74,0.72,0.0,0.79,-0.54,-3.77,0.54,0.79
761,tt0395169,0.0,0.0,-0.27,0.0,0.0,-5.95,-0.26,0.9
762,tt0405159,4.88,0.0,0.0,0.92,0.51,0.0,0.0,0.16
763,tt0423866,0.33,0.53,0.91,0.66,1.05,-1.94,2.9,1.08
764,tt0456144,0.0,0.61,5.42,2.65,9.18,0.0,3.64,0.44
765,tt0469494,1.53,0.0,0.8,-1.24,-0.07,-1.39,0.0,4.53
766,tt0477348,0.0,-0.15,0.32,0.0,0.11,-0.88,0.0,-0.01
767,tt0758758,0.59,0.0,0.82,-0.55,0.77,-1.11,0.75,0.72
768,tt0808417,1.05,0.0,1.55,-0.44,0.21,0.0,0.0,1.63
769,tt0848228,1.9,0.0,4.64,0.0,2.64,1.05,0.0,2.39
770,tt0861739,0.98,0.0,-0.53,0.0,0.98,-0.91,0.0,0.62
771,tt0892769,0.0,0.0,5.33,0.92,2.44,1.51,0.0,1.54
772,tt0978762,-1.26,0.0,4.2,0.62,1.6,0.0,2.27,0.0
773,tt1028532,1.08,0.0,0.0,1.16,0.95,0.0,3.82,0.99
774,tt1069238,-0.82,-0.57,-1.96,3.33,1.23,-0.82,-0.07,0.6
775,tt1130884,0.0,0.0,0.66,0.0,4.87,1.96,0.0,0.62
776,tt1201607,1.25,0.0,0.0,0.62,1.5,0.57,-0.5,1.28
777,tt1205489,1.8,-0.38,0.65,1.61,-0.51,0.0,-0.64,0.0
778,tt1327035,2.47,0.15,0.27,4.37,0.9,-0.35,0.91,6.73
779,tt1392190,-0.06,0.0,0.68,0.0,-2.19,-0.69,-0.62,-0.11
780,tt1392214,-0.83,0.0,0.0,1.3,-1.24,-0.14,0.0,0.89
781,tt1454029,3.8,0.0,1.65,0.0,0.9,2.35,1.63,0.0
782,tt1555149,1.74,0.0,1.82,0.0,3.43,1.51,-1.28,0.57
783,tt1562872,0.0,0.0,4.2,1.48,1.82,0.96,0.0,3.57
784,tt1865505,0.0,0.0,0.98,5.85,0.0,0.99,0.66,2.2
785,tt1895587,1.52,0.0,-0.64,0.0,0.66,-0.79,-0.49,0.61
786,tt1979320,0.93,0.0,1.1,4.87,4.02,1.72,0.85,1.16
787,tt2015381,1.16,0.0,2.71,0.61,-1.29,0.85,0.54,3.88
788,tt2024544,-0.66,0.4,0.0,0.0,-0.78,-0.91,0.36,-0.44
789,tt2082197,0.77,0.0,0.61,1.81,3.97,-0.02,0.46,3.42
790,tt2119532,-0.49,0.0,0.0,-1.13,-2.7,-1.44,0.3,0.69
791,tt2267998,-0.8,0.0,0.0,0.98,-2.27,0.01,0.03,2.78
792,tt2278388,2.88,0.0,6.42,1.64,1.43,0.0,0.0,3.69
793,tt2576852,0.0,0.0,0.0,2.13,0.0,0.0,0.93,2.74
794,tt3011894,0.26,0.0,6.27,0.0,0.0,1.42,0.0,2.67
795,tt3315342,0.2,0.0,0.0,2.26,1.22,0.61,0.45,0.12
796,tt3612616,2.42,0.57,-0.43,3.73,-2.06,0.0,0.41,1.07
797,tt3741834,1.91,0.0,0.0,5.8,0.21,-0.36,1.18,5.81
798,tt3783958,0.91,0.0,0.0,14.88,-0.76,0.57,0.43,4.13
799,tt3848892,2.99,0.0,0.0,7.38,2.53,7.21,0.0,1.41
800,tt4016934,0.88,0.0,-0.36,0.74,4.69,-0.18,0.0,6.15
801,tt4387040,3.72,0.0,0.0,5.92,4.44,4.75,0.34,3.73
802,tt4857264,4.84,0.0,0.0,0.0,1.81,7.44,0.0,2.61
803,tt6452574,2.41,0.03,1.55,-0.82,0.46,0.0,0.36,-0.46
804,tt0015324,0.25,0.0,9.48,2.08,0.0,0.95,0.93,0.89
805,tt0015864,2.08,0.0,4.98,5.86,0.41,-0.76,1.08,4.36
806,tt0017925,1.83,-0.38,6.91,0.1,0.38,-0.53,0.0,1.5
807,tt0018455,1.42,0.0,2.59,1.48,2.25,-0.72,0.81,3.46
808,tt0019254,5.11,0.77,0.32,5.15,1.76,-0.6,-0.38,10.5
809,tt0031381,1.77,0.0,0.0,1.9,0.0,0.0,1.26,6.5
810,tt0031679,0.02,0.0,1.57,0.0,0.89,0.0,1.31,0.16
811,tt0041959,0.0,0.0,-0.88,5.39,1.1,-0.73,0.0,7.21
812,tt0046438,0.0,-0.9,0.0,1.9,0.2,0.0,-0.76,0.34
813,tt0046912,3.54,0.0,0.68,0.0,-0.67,1.21,0.02,0.56
814,tt0047296,3.8,0.0,0.0,-0.98,2.22,0.0,0.0,0.87
815,tt0050212,0.64,0.0,0.0,0.03,-1.24,-0.69,0.0,-0.13
816,tt0050976,0.33,0.73,-0.84,1.17,1.16,0.38,1.03,6.54
817,tt0050986,0.0,0.54,1.58,1.33,0.0,0.76,1.82,3.87
818,tt0053291,0.0,-0.15,4.65,5.78,1.04,0.0,0.0,0.68
819,tt0055031,5.02,0.0,0.0,2.42,2.28,-2.16,0.0,1.69
820,tt0056443,0.0,0.82,8.33,0.0,-0.25,0.0,0.0,1.71
821,tt0057115,3.67,0.0,-1.12,0.81,-0.31,0.0,0.38,2.62
822,tt0060107,0.82,0.7,0.18,0.0,0.0,0.0,0.07,7.57
823,tt0071315,0.0,0.0,0.0,2.51,5.26,0.2,0.0,5.39
824,tt0073707,1.42,0.0,0.93,3.09,0.52,-0.66,-0.42,-0.45
825,tt0074896,1.21,-0.48,0.27,0.62,0.0,-0.97,-0.38,2.12
826,tt0080678,1.21,0.18,0.51,-0.29,1.11,0.0,0.42,1.06
827,tt0081398,2.48,0.0,0.21,-0.72,1.32,-1.7,0.0,1.45
828,tt0083658,0.0,-0.26,0.15,0.45,2.22,-0.83,0.0,6.76
829,tt0089881,0.0,-0.06,1.13,-1.21,-0.07,-0.59,-0.48,3.28
830,tt0091251,0.0,0.0,0.0,-1.79,0.0,-4.9,-0.28,-3.5
831,tt0095016,0.34,0.0,1.08,-0.54,0.02,0.0,0.05,0.18
832,tt0096283,0.0,0.0,1.46,1.61,1.44,0.0,0.48,3.95
833,tt0105695,2.03,0.0,0.0,0.32,0.73,0.0,-0.68,1.05
834,tt0109117,1.03,0.64,20.05,3.41,4.34,-0.87,0.0,-0.48
835,tt0112641,1.68,0.0,1.14,0.02,0.99,0.0,0.52,3.14
836,tt0112870,6.18,0.82,2.71,12.64,3.84,0.0,6.67,0.49
837,tt0113277,1.65,0.0,0.0,0.6,0.71,2.35,-0.53,2.01
838,tt0117951,2.7,0.0,-0.04,4.35,1.83,-0.38,0.0,1.9
839,tt0120735,0.3,-0.66,8.57,2.17,4.53,-0.78,0.0,2.64
840,tt0242519,3.65,0.0,10.53,3.32,3.92,0.0,0.0,1.99
841,tt0268978,0.48,0.04,0.0,0.27,-0.86,-0.54,0.0,0.52
842,tt0292490,3.82,0.0,4.3,7.03,5.76,0.97,1.75,1.54
843,tt0347149,0.0,0.0,0.27,-0.22,2.04,0.0,0.0,1.75
844,tt0363163,0.83,0.0,0.0,0.0,1.24,-0.8,0.0,0.06
845,tt0374887,3.54,0.0,5.18,2.55,0.0,0.0,2.42,0.0
846,tt0375611,1.99,0.89,0.82,1.79,-0.58,0.0,0.6,4.51
847,tt0405508,3.7,0.0,3.43,4.29,3.65,0.0,-0.44,2.64
848,tt0434409,1.33,0.72,0.7,1.52,0.72,1.01,0.7,2.96
849,tt0457430,0.64,0.0,0.0,1.23,0.5,-1.58,0.0,2.74
850,tt0871510,2.39,0.73,1.62,1.97,3.25,0.63,1.2,0.94
851,tt0993846,0.95,0.0,3.52,0.0,-0.32,0.67,-0.33,-0.24
852,tt1171701,0.0,0.0,0.27,2.41,0.21,-0.43,-0.65,0.33
853,tt1255953,1.51,0.0,-0.81,0.32,0.28,-2.64,-1.42,0.0
854,tt1280558,-1.65,0.0,0.0,1.06,1.88,-0.92,0.0,0.0
855,tt1291584,0.0,0.0,0.51,-0.88,-0.4,-0.06,0.42,0.0
856,tt1305806,1.82,0.0,1.76,0.0,5.35,1.8,1.42,3.12
857,tt1517451,1.83,0.0,0.0,13.18,-1.59,0.68,1.66,1.86
858,tt1620933,2.54,0.0,2.23,0.25,4.09,0.0,0.81,1.56
859,tt1639426,1.04,0.0,0.0,3.92,0.83,0.0,-0.43,0.0
860,tt1821480,6.24,0.0,-0.3,3.57,10.11,10.53,0.0,3.43
861,tt1954470,0.05,0.0,0.79,0.88,0.2,0.0,0.0,0.76
862,tt2096673,0.44,0.0,1.68,0.91,0.59,-0.01,-1.67,0.0
863,tt2140203,0.57,0.0,0.0,3.94,-0.86,0.0,-0.22,0.88
864,tt2283748,1.8,0.0,4.48,0.0,5.32,0.0,0.0,-0.12
865,tt2338151,1.86,0.68,3.83,0.17,1.06,0.91,1.05,1.45
866,tt2356180,4.96,0.0,0.0,4.76,2.88,-0.05,1.31,1.97
867,tt2631186,0.5,0.15,0.0,6.72,0.0,0.18,0.0,1.45
868,tt2758880,0.05,0.0,0.0,0.58,-0.68,0.0,1.02,0.83
869,tt2991224,1.27,0.0,0.0,-0.71,1.4,0.0,0.0,0.76
870,tt3170832,-0.57,0.0,-0.6,1.68,0.1,-0.53,-0.52,1.89
871,tt3390572,1.49,0.0,-2.28,5.58,4.41,-1.27,3.84,7.14
872,tt5027774,1.41,0.0,1.45,-0.28,-0.99,-0.5,0.0,0.0
873,tt5571734,2.41,-0.79,0.0,1.73,5.26,-0.4,1.5,1.22
874,tt0012349,0.0,0.0,3.55,0.55,0.0,-0.3,2.72,4.56
875,tt0017136,-0.44,0.0,0.88,1.9,1.29,-0.76,0.32,5.44
876,tt0022100,-0.65,0.0,0.0,0.73,0.63,-1.19,0.0,1.22
877,tt0036775,0.46,0.0,1.68,0.29,2.6,0.64,0.48,2.01
878,tt0040522,1.28,0.0,0.0,-1.49,0.48,-0.74,-0.33,2.43
879,tt0040897,0.75,0.0,0.0,0.85,4.53,0.25,0.94,3.2
880,tt0042192,3.94,0.0,0.4,-0.22,4.96,0.0,0.0,1.51
881,tt0042876,0.04,0.0,-0.42,-0.36,0.62,-0.44,0.0,4.21
882,tt0044741,1.65,0.0,1.42,0.0,1.36,0.0,0.67,2.02
883,tt0045152,1.32,0.74,4.1,33.98,2.22,0.13,1.97,1.41
884,tt0052357,0.0,0.49,0.95,3.4,0.7,1.08,0.86,2.36
885,tt0053125,1.92,0.0,4.42,1.71,6.09,5.09,0.45,3.08
886,tt0053604,3.97,0.0,1.52,0.8,2.39,0.88,0.64,3.05
887,tt0055630,3.95,0.0,3.67,2.26,1.38,0.0,0.0,1.68
888,tt0056172,0.76,0.0,-0.59,0.0,-0.37,0.0,0.0,3.49
889,tt0056592,1.58,0.0,0.0,0.79,1.57,1.36,1.59,0.52
890,tt0059578,1.55,0.0,1.53,3.94,0.0,0.0,0.0,1.96
891,tt0062622,0.0,0.62,0.4,1.48,0.6,0.35,0.0,3.85
892,tt0066921,0.64,0.0,0.89,-0.54,-0.3,-2.03,-0.34,4.88
893,tt0070735,0.0,0.0,2.47,5.12,4.57,0.0,0.0,1.44
894,tt0071853,0.49,0.0,14.04,1.78,0.0,-0.74,2.23,0.49
895,tt0075314,4.63,0.0,0.0,1.43,1.31,0.0,0.0,1.54
896,tt0086190,0.83,0.95,0.77,0.0,-0.01,1.24,0.0,0.61
897,tt0086250,0.0,0.0,0.69,0.0,2.21,-0.6,0.0,0.0
898,tt0086879,2.42,2.87,0.0,13.72,3.43,-0.18,-0.45,5.26
899,tt0093058,0.0,0.0,-0.05,0.49,0.32,-2.34,0.0,-0.78
900,tt0097576,0.69,0.0,3.67,1.27,-0.42,-0.34,0.0,0.63
901,tt0105236,-0.32,0.0,2.14,5.26,3.16,-1.25,-0.89,2.33
902,tt0114709,0.13,0.0,2.18,1.36,1.71,0.92,0.87,0.79
903,tt0116231,6.39,0.0,-0.06,1.42,5.2,-0.92,-0.75,2.48
904,tt0118849,2.43,0.0,0.66,1.55,1.11,0.0,1.01,1.17
905,tt0119217,1.39,0.0,0.0,0.57,7.33,0.0,-0.12,0.6
906,tt0119488,1.84,0.38,0.76,0.88,12.54,-0.53,0.95,3.88
907,tt0180093,1.25,-0.2,-0.67,3.18,0.05,-3.47,-0.18,2.42
908,tt0208092,2.89,0.0,1.68,2.01,0.94,0.0,0.0,0.74
909,tt0211915,0.69,0.0,3.41,0.42,0.62,-0.17,2.14,1.77
910,tt0338013,0.0,0.0,1.22,0.0,0.52,0.0,0.93,0.0
911,tt0361748,0.0,0.0,-0.02,0.72,-0.21,-0.24,0.0,0.0
912,tt0367110,2.42,0.0,0.68,7.17,0.48,-0.58,2.03,0.99
913,tt0372784,4.14,0.73,0.81,0.32,0.85,0.38,-0.36,0.51
914,tt0435761,0.0,0.0,2.19,1.78,1.47,2.91,2.35,1.33
915,tt1049413,0.0,0.0,3.61,0.02,0.67,0.87,0.8,1.03
916,tt1832382,5.64,0.0,0.0,0.0,1.17,1.9,0.0,1.3
917,tt2106476,2.15,0.0,-0.42,0.0,-1.06,-5.94,0.61,1.77
918,tt3322420,3.99,0.0,2.2,1.96,3.2,0.62,-0.14,1.36
919,tt4430212,3.17,0.0,0.0,6.09,2.75,3.87,0.0,1.83
920,tt4849438,0.17,0.0,1.65,0.3,-1.02,-1.64,0.0,-0.1
921,tt0033467,1.38,0.0,0.0,1.53,0.9,-0.84,0.0,1.23
922,tt0043014,2.54,0.0,1.47,0.0,3.25,-0.46,-0.73,4.74
923,tt0050825,0.0,0.0,0.0,-0.97,1.75,-0.82,-0.72,-0.17
924,tt0051201,-0.26,0.38,3.34,0.0,1.37,0.48,0.71,0.0
925,tt0057012,1.96,0.0,10.84,-1.12,0.88,-0.48,0.0,1.69
926,tt0081505,1.72,0.0,-0.43,-0.61,1.6,-0.15,0.0,1.2
927,tt0082096,1.28,0.0,0.46,3.2,0.72,-3.08,1.7,0.95
928,tt0087843,0.69,-0.79,-0.18,-0.2,-0.24,-0.36,0.42,0.83
929,tt0090605,0.0,0.32,0.78,0.08,-0.12,3.82,0.0,3.31
930,tt0112573,1.0,-0.25,0.8,1.77,0.86,-0.95,1.56,1.21
931,tt0119698,0.0,0.0,0.87,2.8,1.28,-0.44,1.13,1.58
932,tt0169547,0.59,0.0,3.28,0.0,1.67,-0.81,0.0,2.1
933,tt0364569,1.69,0.0,-0.62,0.36,-1.17,-1.4,0.89,3.23
934,tt0405094,4.4,0.0,0.84,0.83,0.73,-0.1,-0.29,1.59
935,tt0476735,4.82,0.0,-0.08,0.96,0.91,0.0,0.84,3.2
936,tt0910970,-0.1,0.0,3.66,0.61,1.35,0.91,0.73,2.02
937,tt0986264,1.79,0.0,0.83,0.88,0.93,0.0,0.11,-0.42
938,tt1187043,0.88,0.0,7.37,4.11,3.49,0.97,1.61,1.03
939,tt1345836,-1.77,-1.11,-0.21,0.2,2.24,0.18,0.72,1.8
940,tt1727824,2.73,0.0,1.31,5.6,0.0,-0.82,-0.26,0.0
941,tt1853728,1.91,0.73,2.27,1.87,-1.96,-1.55,0.0,1.17
942,tt2380307,0.0,0.0,2.57,7.25,1.21,0.0,1.66,3.12
943,tt5311514,0.0,0.0,0.6,2.11,1.08,0.91,0.6,0.0
944,tt0021749,0.83,0.0,2.9,2.44,1.78,0.0,0.95,1.01
945,tt0027977,5.21,0.93,6.63,4.98,0.35,0.0,0.8,3.76
946,tt0032553,0.89,0.0,8.37,4.68,1.55,-0.76,1.03,-0.13
947,tt0034583,1.02,0.0,0.8,0.93,0.0,0.35,1.64,2.94
948,tt0047396,0.62,0.0,3.44,1.69,2.08,3.8,0.19,1.92
949,tt0054215,0.0,0.0,1.84,2.35,0.63,-1.56,0.0,1.22
950,tt0064116,0.47,0.0,1.9,6.97,-0.89,0.42,0.78,7.23
951,tt0078748,0.55,0.89,0.0,0.64,2.91,0.1,0.04,1.92
952,tt0078788,0.0,0.0,0.0,0.3,-1.5,-2.3,0.0,-0.77
953,tt0082971,-0.13,0.0,5.5,1.54,1.39,-0.95,0.27,1.1
954,tt0088763,0.88,0.0,5.2,3.96,2.19,0.44,0.74,1.09
955,tt0095327,0.0,0.0,0.0,0.64,0.35,0.14,-1.76,-0.9
956,tt0095765,-0.15,0.0,-0.36,3.76,0.89,-0.32,1.85,1.84
957,tt0103064,1.45,0.0,1.31,2.47,0.28,0.41,0.03,3.68
958,tt0110357,0.0,0.0,4.72,13.18,0.84,0.0,0.38,0.97
959,tt0120586,0.28,0.0,0.0,0.4,0.12,-1.4,-1.97,-0.26
960,tt0120689,2.97,0.0,1.65,0.82,2.62,-0.89,4.94,1.84
961,tt0172495,-0.64,0.0,0.94,0.4,2.35,0.3,0.21,3.95
962,tt0209144,0.62,0.0,0.8,0.0,1.67,1.54,0.0,1.46
963,tt0253474,2.54,0.0,0.0,1.5,0.68,-1.87,-1.09,-0.12
964,tt0407887,0.5,0.0,0.05,-0.48,0.86,0.02,0.0,0.88
965,tt0482571,0.0,0.62,0.88,0.0,5.9,0.97,0.0,0.91
966,tt1675434,7.44,0.0,2.79,0.82,2.05,0.91,2.73,0.78
967,tt2582802,1.67,0.0,0.81,1.01,0.0,0.0,0.6,0.27
968,tt4154756,0.62,0.0,1.9,0.74,0.94,-0.86,-0.7,0.95
969,tt5074352,5.44,0.0,1.85,3.65,2.21,-0.32,1.23,2.81
970,tt0038650,1.04,0.0,1.87,-0.11,0.0,-1.62,3.74,2.22
971,tt0076759,1.44,0.0,1.15,0.19,0.78,0.81,-0.68,2.49
972,tt0102926,3.76,0.0,0.0,2.89,2.38,3.56,0.0,1.67
973,tt0110413,3.3,0.0,-0.55,0.82,1.2,1.14,0.47,0.68
974,tt0114369,0.22,0.0,0.0,-0.03,0.42,-3.29,0.0,1.58
975,tt0114814,0.81,0.0,0.0,0.0,3.91,-0.09,0.0,0.0
976,tt0118799,1.26,0.0,5.33,0.0,0.95,1.58,3.23,2.22
977,tt0120815,0.74,0.0,0.4,-1.27,0.0,-0.93,0.0,-2.61
978,tt0245429,0.0,0.0,0.76,1.64,0.94,0.31,0.7,2.85
979,tt0317248,0.0,0.0,0.09,2.82,0.0,-1.06,0.0,-1.24
980,tt0816692,1.85,0.0,-0.57,3.21,0.55,0.89,0.0,4.99
981,tt0047478,-0.98,-0.44,1.84,3.42,0.79,-0.13,0.7,3.71
982,tt0073486,7.34,0.0,-2.02,1.53,0.98,-1.53,-0.05,2.33
983,tt0099685,3.63,0.0,0.89,4.76,-0.08,0.89,0.0,2.03
984,tt0133093,0.0,0.0,0.44,1.47,2.33,1.02,0.0,7.94
985,tt0167261,0.0,0.0,0.73,0.64,1.28,0.15,-0.1,2.21
986,tt0080684,0.0,0.0,1.57,0.37,2.55,0.0,0.0,1.74
987,tt0109830,1.19,0.0,1.96,0.91,-0.1,0.0,1.74,2.52
988,tt0120737,1.0,0.0,0.0,0.56,2.09,0.0,0.0,2.35
989,tt0137523,0.86,-0.57,2.1,1.94,2.52,-0.4,-0.77,0.41
990,tt1375666,0.4,0.0,0.0,0.0,0.39,1.31,0.0,0.51
991,tt0050083,3.62,0.78,0.0,0.0,0.82,1.48,1.17,2.29
992,tt0060196,0.23,0.0,2.47,1.82,-0.65,0.0,0.67,0.47
993,tt0108052,-1.05,0.0,0.0,1.84,1.27,-4.46,-2.0,-0.39
994,tt0110912,0.36,0.0,2.67,4.11,0.84,-0.29,0.0,1.95
995,tt0167260,0.0,-0.42,0.0,1.79,0.8,0.0,0.93,1.07
996,tt0071562,2.5,0.0,0.0,1.64,1.91,0.0,0.0,3.23
997,tt0468569,1.31,1.48,0.93,-0.36,2.17,0.2,0.08,0.66
998,tt0068646,1.44,0.0,0.0,1.2,1.0,0.0,-0.42,1.51
999,tt0111161,0.0,0.0,-0.08,5.59,1.6,0.55,2.49,0.67
